"","LUAD_01","LUAD_02","LUAD_03","LUAD_04","LUAD_05","LUAD_06","LUAD_07","LUAD_08","LUAD_09","LUAD_10","LUAD_11","LUAD_12","LUAD_13","LUAD_14","LUAD_15","LUAD_16","LUAD_17","LUAD_18","LUAD_19","LUAD_20","LUAD_21","LUAD_22","LUAD_23","LUAD_24","LUAD_25","LUAD_26","LUAD_27","LUAD_28","LUAD_29","LUAD_30","LUAD_31","LUAD_32","LUAD_33","LUAD_34","LUAD_35","LUAD_36","LUAD_37","LUAD_38","LUAD_39","LUAD_40","LUAD_41","LUAD_42","LUAD_43","LUAD_44","LUAD_45","LUAD_46","LUAD_47","LUAD_48","LUAD_49","LUAD_50","LUAD_51","LUAD_52","LUAD_53","LUAD_54","LUAD_55","LUAD_56","LUAD_57","LUAD_58","LUAD_59","LUAD_60","LUAD_61","LUAD_62","LUAD_75","LUAD_76","LUAD_77","LUAD_78","LUAD_79","LUAD_80","LUAD_81","LUAD_82","LUAD_83","LUAD_84","LUAD_85","LUAD_86","LUAD_87","LUAD_88","LUAD_90","LUAD_91","LUAD_92"
"CREBBPp2063",26.7927825571938,NA,26.7997873334288,NA,26.9052175899724,26.6635588818925,NA,NA,26.6320800195312,NA,NA,NA,NA,NA,NA,26.5485585808176,26.3637416653815,26.524498048482,26.5474707192364,26.7631305195919,26.76448969348,26.5266350246321,NA,NA,26.4179744832858,NA,25.5437996760483,25.6590504906452,26.4155070610393,26.0555725644895,25.9368271990408,26.6595278155301,NA,NA,26.0502218349142,NA,NA,26.824190199138,NA,27.0079445358668,27.020379708689,NA,26.897551499417,26.9123704930302,26.6104347524186,NA,NA,26.901723981931,NA,25.1999526481085,NA,26.7941454359376,NA,NA,26.3391739229528,26.1589457865679,NA,25.5633446290222,NA,26.3662175509388,NA,NA,26.3900396768676,26.8154393028141,26.9984102067625,26.7939956840886,26.7678080041677,23.4267520472325,NA,26.7212314270349,NA,25.8265721397877,26.3253590213586,NA,NA,NA,NA,NA,NA
